0_OBJECTID;0_UIDNFTN;0_Код;0_АС УР OLD_ID;0_Наименование объекта;1_Адресный ориентир;1_Стоимость посещения;0_Координата X;0_Координата Y;0_УНОМ БТИ;0_ID спортивной зоны/зоны отдыха;0_Тип спортивной зоны/зоны отдыха;0_Название спортивной зоны/зоны отдыха;1_Наличие проката оборудования и инвентаря (да/нет);1_Время работы;1_Тип покрытия;1_Освещение;1_Наличие бесплатных занятий (да/нет);1_Стоимость проката оборудования и инвентаря (указать наименование);0_Уточненные координаты (широта);0_Уточненные координаты  (долгота);0_ID объекта;0_Тип объекта;1_Ведомственная принадлежность;1_Округ;1_Район;1_Наличие сервиса технического обслуживания инвентаря (да/нет);1_Наличие раздевалки (да/нет);1_Наличие звукового сопровождения (да/нет);1_Наличие точки питания (да/нет);1_Наличие туалета (да/нет);1_Наличие точки доступа в интернет, Wi-Fi (да/нет);1_Наличие банкомата (да/нет);1_Наличие медпункта (да/нет);1_ОГРН эксплуатирующей организации;1_Наименование эксплуатирующей организации, предоставляющей услугу по спортивной зоне/зоне объекта;1_Телефон эксплуатирующей организации;1_Сайт эксплуатирующей организации;1_Электронная почта эксплуатирующей организации;0_Статус;0_Комментарии
20;403;403;DK____87;Велопрокат;ул. Красноказарменная, вл.1;нет;11971,3933;10886,5549;0;0;прокат спортивного инвентаря (отдельностоящий);Лефортово пункт проката на Нижней площадке у пруда;да;с 10:00 до 22:00;асфальтовое, бетонное;лампы дневного освещения;нет;"150 руб./час до 300 руб./час - велосипеды; 200 руб./час до 800 руб./час - веломобили";;;0;спортивные комплексы;Департамент культуры города Москвы;ЮВАО;Лефортово;нет;нет;нет;да;нет;нет;нет;нет;1027700189087;МГОМЗ;(499) 612-11-55;www.mgomz.ru;info@mgomz.ru;Подтверждено;
21;372;372;DK____56;парки (озелененные городские территории);1-й Голутвинский пер., д.3-5 стр.1;бесплатно;7035,6589;7847,3159;2112917;0;прокат спортивного инвентаря (отдельностоящий);;да;"ежедневно с 08.00 до 22.00 (в осенне-зимний период) ; c 8:00 до 23:00 ( в весенне-летний период)";грунтовое;смешанное освещение;да;бесплатно;;;0;парки (озелененные городские территории;Департамент культуры города Москвы;ЦАО;Якиманка;нет;нет;да;нет;да;да;нет;нет;1037739474090;"ГАУК города Москвы МО ""Музеон""";(499) 238-33-96;muzeon.ru;info@muzeon.ru;Подтверждено;
22;3111;3111;DOGM__2519;"Государственное бюджетное образовательное учреждение города Москвы детский оздоровительно-образовательный центр ""Парк Пресненский""";"Центральный / Пресненский / Дружинниковская ул. / Дом- 9; Стр- 3";бесплатно;4684,6281;10022,5729;2116478;0;прокат спортивного инвентаря (отдельностоящий);;да;будни с 10.00 - 18.00, выходные с 11.00 - 16.00;асфальтовое, бетонное;уличные столбы освещения;нет;сведения отсутствуют;;;0;учреждения (центры) дополнительного образования;сведения отсутствуют;ЦАО;Пресненский;да;нет;да;нет;нет;нет;нет;нет;1027739680066;"ГБОУ ДООЦ ""ПАрк Пресненский""";(495) 605-74-15;presnia.dop.mskobr.ru;parkpres@mail.ru;;
1;437;437;DK____121;модуль;Народный пр-т, д.17;сведения отсутствуют;15754,8505;11984,2133;0;0;прокат спортивного инвентаря (отдельностоящий);модуль;да;будни с 12:00 до 20:00, вых. с 11:00 до 21:00;деревянное;лампы дневного освещения;нет;"50 руб./час - детский велосипед; 150 руб./час - взрослый велосипед; 100 руб./час - роликовые коньки";;;0;плоскостные спортивные сооружения;Департамент культуры города Москвы;ВАО;Измайлово;да;нет;нет;нет;да;да;нет;нет;1037739542719;"ГАУК г. Москвы ""Измайловский ПКиО""";(499) 166-61-19;www.izmailovsky-park.ru;izmpark@mail.ru;Подтверждено;
2;438;438;DK____122;модуль;Народный пр-т, д.17;сведения отсутствуют;16371,8601;13005,1101;0;0;прокат спортивного инвентаря (отдельностоящий);модуль;да;будни с 12:00 до 20:00, вых. с 11:00 до 21:00;деревянное;лампы дневного освещения;нет;"50 руб./час - детский велосипед; 150 руб./час - взрослый велосипед; 100 руб./час - роликовые коньки";;;0;плоскостные спортивные сооружения;Департамент культуры города Москвы;ВАО;Измайлово;да;нет;нет;нет;нет;да;нет;нет;1037739542719;"ГАУК г. Москвы ""Измайловский ПКиО""";(499) 166-61-19;www.izmailovsky-park.ru;izmpark@mail.ru;Подтверждено;
7;2218;2218;DOGM__1626;"Государственное бюджетное образовательное учреждение города Москвы дом детского творчества ""Парк ""Усадьба Трубецких в Хамовниках""";Центральный / Хамовники / Усачёва ул. / Дом- 1;бесплатно;4766,2769;6912,9879;2101341;9749;прокат спортивного инвентаря (отдельностоящий);;нет;с 09.00 до 21.00 без выходных (только зимой);деревянное;лампы дневного освещения;да;нет;;;9749;учреждения (центры) дополнительного образования;Департамент образования города Москвы;ЦАО;Хамовники;нет;да;нет;нет;да;нет;нет;нет;1037739214611;Государственное бюджетное образовательное учреждение города Москвы дом детского творчества ``Парк ``Усадьба Трубецких в Хамовниках``;(495) 637-00-48;dp-hamovniki.dop.mskobr.ru;dp_hamovniki@mail.ru;;
8;486;486;DK____170;"ПКиО ""Сокольники""";ул. Сокольнический вал, д.1;нет;11248,7997;14103,5717;0;0;прокат спортивного инвентаря (отдельностоящий);;да;ежедневно с 10-00 до 22-00;деревянное;без освещения;да;250 руб. - велосипеды, ролики, веломобили;;;0;парки (озелененные городские территории;Департамент культуры города Москвы;ВАО;Сокольники;нет;да;да;да;нет;да;нет;нет;1027700123285;"ГАУК г. Москвы ПКиО ""Сокольники""";(499) 393-92-22;park.sokolniki.com;info@park.sokolniki.com;Подтверждено;
9;490;490;DK____174;"ПКиО ""Сокольники""";Песочная аллея, д.1а;нет;10596,0713;14224,2219;0;0;прокат спортивного инвентаря (отдельностоящий);;да;ежедневно с 10-00 до 22-00;деревянное;без освещения;да;250 руб. - велосипеды, ролики, веломобили;;;0;парки (озелененные городские территории;Департамент культуры города Москвы;ВАО;Сокольники;нет;нет;да;да;да;нет;нет;нет;1027700123285;"ГАУК г. Москвы ПКиО ""Сокольники""";(499) 393-92-22;park.sokolniki.com;info@park.sokolniki.com;Подтверждено;
10;497;497;DK____181;"ПКиО ""Сокольники""";3-й Лучевой просек, д.1 стр.1;нет;11009,6159;14520,0267;2100592;0;прокат спортивного инвентаря (отдельностоящий);;да;ежедневно с 10-00 до 22-00;деревянное;без освещения;да;250 руб. - велосипеды, ролики, веломобили;;;0;парки (озелененные городские территории;Департамент культуры города Москвы;ВАО;Сокольники;нет;нет;да;да;да;нет;нет;нет;1027700123285;"ГАУК г. Москвы ПКиО ""Сокольники""";(499) 393-92-22;park.sokolniki.com;info@park.sokolniki.com;Подтверждено;
11;387;387;DK____71;Пункт проката спортивного инвентаря;проспект Андропова, д.39;нет;10058,1415;-1632,7828;0;0;прокат спортивного инвентаря (отдельностоящий);Набережная (причал Коломенское);да;с 10:00 до 22:00;асфальтовое, бетонное;лампы дневного освещения;нет;150 руб./час - стритбол, бадминтон, волейбол;;;0;спортивные комплексы;Департамент культуры города Москвы;ЮАО;Нагатинский Затон;нет;нет;нет;да;да;нет;нет;нет;1027700189087;МГОМЗ;(499) 612-11-55;www.mgomz.ru;info@mgomz.ru;Подтверждено;
12;388;388;DK____72;Велопрокат;проспект Андропова, д.39;нет;10039,7529;-1630,2693;0;0;прокат спортивного инвентаря (отдельностоящий);Коломенское площадка у КПП №6;да;с 10:00 до 22:00;асфальтовое, бетонное;лампы дневного освещения;нет;"150 руб./час до 300 руб./час - велосипеды; 200 руб./час до 800 руб./час - веломобили";;;0;спортивные комплексы;Департамент культуры города Москвы;ЮАО;Нагатинский Затон;нет;нет;нет;нет;нет;нет;нет;нет;1027700189087;МГОМЗ;(499) 612-11-55;www.mgomz.ru;info@mgomz.ru;Подтверждено;
13;346;346;DK____30;ПКиО «Северное Тушино»;ул. Свободы, д.56;сведения отсутствуют;-2947,1873;21298,9181;0;0;прокат спортивного инвентаря (отдельностоящий);;да;11.00-20.00;специальное;уличные столбы освещения;нет;150 руб. - 700 руб. - велосипед, веломобиль, гольфкар, ролики;;;0;велодромы;Департамент культуры города Москвы;СЗАО;Северное Тушино;да;нет;да;да;да;да;нет;нет;1125029011062;"ООО ""Твой Прокат""";(499) 408-22-96;www.tvoi-prokat.ru;84994082296@mail.ru;Подтверждено;
14;365;365;DK____49;ПКиО «Северное Тушино»;ул. Свободы, д.56;сведения отсутствуют;-3000,0248;21590,3639;0;0;прокат спортивного инвентаря (отдельностоящий);;да;11.00-20.00;специальное;уличные столбы освещения;нет;150 руб. - 700 руб. - велосипед, веломобиль, гольфкар, ролики;;;0;велодромы;Департамент культуры города Москвы;СЗАО;Северное Тушино;да;нет;да;да;да;да;нет;нет;1125029011062;"ООО ""Твой Прокат""";(499) 408-22-96;www.tvoi-prokat.ru;84994082296@mail.ru;Подтверждено;
15;4062;4062;DOGM__3470;Государственное бюджетное образовательное учреждение города Москвы средняя общеобразовательная школа № 1142;Юго-Восточный / Марьино / ул. Перерва / Дом- 36;бесплатно;14955,8357;-1815,4456;2131292;9295;прокат спортивного инвентаря (отдельностоящий);;да;будни c 15:00 до 18:00;асфальтовое, бетонное;лампы дневного освещения;да;сведения отсутствуют;;;9295;общеобразовательные учреждения;Департамент образования города Москвы;ЮВАО;Марьино;нет;нет;нет;нет;нет;нет;нет;нет;1037739320255;ГБОУ СОШ № 1142;(499) 356-35-81;schuv1142.mskobr.ru;school1142@mail.ru;;
19;463;463;DK____147;пункт выдачи велосипедов;ул. Старые Кузьминки, д.13-15;150 руб.+ залог;18005,9537;2541,9131;0;0;прокат спортивного инвентаря (отдельностоящий);;да;с 13-00 до 17-00;специальное;уличные столбы освещения;нет;сведения отсутствуют;;;0;парки (озелененные городские территории;Департамент культуры города Москвы;ЮВАО;Кузьминки;нет;нет;нет;нет;да;нет;нет;нет;1027739003808;ГБУК г.Москвы «Музейное объединение «Музей Москвы»;(495) 372-60-66;mosmuseum.ru;migm@mail.ru;Подтверждено;
16;4830;4830;MSPORT210;"Физкультурно-оздоровительный комплекс ""Яуза"" Государственное бюджетное учреждение города Москвы «Центр физической культуры и спорта Северо-Восточного административного округа города Москвы» Департамента физической культуры и спорта города Москвы";Олонецкий пр. 5;сведения отсутствуют;10503,2487;23678,4765;;106850;прокат спортивного инвентаря (отдельностоящий);;да;Понедельник с 7:00 до 23:00 Вторник с 7:00 до 23:00 Среда с 7:00 до 23:00 Четверг с 7:00 до 23:00 Пятница с 7:00 до 23:00 Суббота с 7:00 до 23:00 Воскресенье с 7:00 до 23:00;искусственное;лампы дневного освещения;да;"[В зимний период: 150 руб./день (взрослые), 75 руб./день (дети) - лыжи в комплексе с ботинками и палками; 150 руб./первый час (последующий - 100 руб./час) - конький; 50 руб./час - ледянка; 100 руб./час - минисани]; [Прокат в летний период: 100 руб./час - ракетки и 3 мяча для тенниса; 150 руб./час - минигольф; 150 руб./час (последующий - 100 руб./час) - велосипед; 50 руб./день - палки для скандинавской ходьбы]";55.87957225600966;37.66586103006804;39805;физкультурно-оздоровительные комплексы;Департамент физической культуры и спорта города Москвы;СВАО;Бабушкинский;нет;да;да;да;да;нет;нет;да;1057746531655;"Государственное бюджетное учреждение города Москвы ""Центр физической культуры и спорта Северо-Восточного административного округа города Москвы"" Департамента физической культуры и спорта города Москвы";(495) 619-94-18;svaosport.ru;sportsvao@mail.ru;внесены изменения;
17;2841;2841;DOGM__2249;Государственное бюджетное образовательное учреждение Московский городской Дворец детского (юношеского) творчества;"Юго-Западный / Гагаринский / ул. Косыгина / Дом- 17; Корп- 1";бесплатно;3629,4923;4023,3353;2113106;3645;прокат спортивного инвентаря (отдельностоящий);;да;будни с 15:00 до 20:00, выходные с 12:00 до 20:00;асфальтовое, бетонное;лампы дневного освещения;да;бесплатно (велосипеды, беговелы, самокаты, мячи футбольные, волейбольные, баскетбольные, бадминтон, ролики, палки для скандинавской ходьбы, столы для настольного тенниса);;;3645;учреждения (центры) дополнительного образования;Департамент образования города Москвы;ЮЗАО;Гагаринский;нет;нет;нет;нет;да;нет;да;да;1027739515253;ГБОУ МГДД(Ю) Т;(499) 137-68-19;нет;нет;;
18;534;534;DK____218;"прокат ПКиО ""Кузьминки""";Кузьминский парк, д.1 стр.2;сведения отсутствуют;17006,5715;3231,3339;0;0;прокат спортивного инвентаря (отдельностоящий);;да;10:00-22:00;деревянное;смешанное освещение;нет;"100 руб./час - велосипед; 50 руб./час - самокат; 90 руб./2 часа - коньки роликовы";;;0;физкультурно-оздоровительные комплексы;Департамент культуры города Москвы;ЮВАО;Кузьминки;нет;нет;нет;нет;нет;нет;нет;нет;1027739424514;ГАУК г.Москвы «Парк культуры и отдыха «Кузьминки»;(499) 175-33-69;www.kuzminky.ru;kyzay07@yandex.ru;Подтверждено;
3;436;436;DK____120;модуль;Народный пр-т, д.17;сведения отсутствуют;15792,1567;11460,6019;0;0;прокат спортивного инвентаря (отдельностоящий);;да;будни с 12:00 до 20:00, вых. с 11:00 до 21:00;специальное;лампы дневного освещения;нет;"50 руб./час - детский велосипед; 150 руб./час - взрослый велосипед; 100 руб./час - роликовые коньки";;;0;плоскостные спортивные сооружения;Департамент культуры города Москвы;ВАО;Измайлово;да;нет;нет;нет;нет;да;нет;нет;1037739542719;"ГАУК г. Москвы ""Измайловский ПКиО""";(499) 166-61-19;www.izmailovsky-park.ru;izmpark@mail.ru;Подтверждено;
4;2035;2035;DOGM__1443;Государственное бюджетное образовательное учреждение города Москвы средняя общеобразовательная школа № 737;Западный / Филевский Парк / Новозаводская ул. / Дом- 19;бесплатно;382,0795;9475,1503;2127878;500;прокат спортивного инвентаря (отдельностоящий);;да;ежедневно с 08:00 до 21:00;специальное;без освещения;нет;сведения отсутствуют;;;500;общеобразовательные учреждения;Департамент образования города Москвы;ЗАО;Филёвский Парк;да;да;нет;нет;нет;нет;нет;нет;1037739391491;ГБОУ СОШ № 737;(499) 148-54-42;sch737.mskzapad.ru;moscowschool737@yandex.ru;;
5;548;548;DK____232;"ПКиО ""Фили""";ул. Большая Филевская, д.22;сведения отсутствуют;-619,2304;8810,6423;0;0;прокат спортивного инвентаря (отдельностоящий);;да;11.00-20.00;специальное;смешанное освещение;нет;"100 руб./30 мин., 150 руб./час - велосипед, роликовые коньки, настольный теннис; 50 руб./час - бадминтон";;;0;велодромы;Департамент культуры города Москвы;ЗАО;Филёвский Парк;нет;нет;нет;нет;нет;нет;нет;нет;1037739444060;"ГАУК г. Москвы ""ПКиО ""Фили""";(499) 145-45-05;parkfili.com;info@parkfili.com;Подтверждено;
6;394;394;DK____78;Велопрокат;ул. Люблинская, д.53;нет;15393,7537;2370,0865;0;0;прокат спортивного инвентаря (отдельностоящий);Люблино пункт проката у Дворца;да;с 10:00 до 22:00;асфальтовое, бетонное;лампы дневного освещения;нет;"150 руб./час до 300 руб./час - велосипеды; 200 руб./час до 800 руб./час - веломобили";;;0;спортивные комплексы;Департамент культуры города Москвы;ЮВАО;Люблино;нет;нет;нет;нет;нет;нет;нет;нет;1027700189087;МГОМЗ;(499) 612-11-55;www.mgomz.ru;info@mgomz.ru;Подтверждено;
