0_OBJECTID;0_UIDNFTN;0_Код;0_АС УР OLD_ID;0_Наименование объекта;1_Адресный ориентир;1_Стоимость посещения;0_Координата X;0_Координата Y;0_УНОМ БТИ;0_ID спортивной зоны/зоны отдыха;0_Тип спортивной зоны/зоны отдыха;0_Название спортивной зоны/зоны отдыха;1_Наличие проката оборудования и инвентаря (да/нет);1_Время работы;1_Тип покрытия;1_Освещение;1_Наличие бесплатных занятий (да/нет);1_Стоимость проката оборудования и инвентаря (указать наименование);0_Уточненные координаты (широта);0_Уточненные координаты  (долгота);0_ID объекта;0_Тип объекта;1_Ведомственная принадлежность;1_Округ;1_Район;1_Наличие сервиса технического обслуживания инвентаря (да/нет);1_Наличие раздевалки (да/нет);1_Наличие звукового сопровождения (да/нет);1_Наличие точки питания (да/нет);1_Наличие туалета (да/нет);1_Наличие точки доступа в интернет, Wi-Fi (да/нет);1_Наличие банкомата (да/нет);1_Наличие медпункта (да/нет);1_ОГРН эксплуатирующей организации;1_Наименование эксплуатирующей организации, предоставляющей услугу по спортивной зоне/зоне объекта;1_Телефон эксплуатирующей организации;1_Сайт эксплуатирующей организации;1_Электронная почта эксплуатирующей организации;0_Статус;0_Комментарии
90;4657;4657;MSPORT37;ГБОУ ДОДСН «СДЮСШОР по теннису «Олимпиец» Москомспорта;ул. Удальцова 54;разовое посещение - 300 руб/45 мин.;-470,1024;2181,8977;;106963;теннисный корт;;нет;Понедельник с 8:30 до 21:00 Вторник с 8:30 до 21:00 Среда с 8:30 до 21:00 Четверг с 8:30 до 21:00 Пятница с 8:30 до 21:00 Суббота с 8:30 до 21:00 Воскресенье с до;искусственное;смешанное освещение;нет;нет;55.686466945741984;37.491144681720364;39827;учреждения (центры) дополнительного образования;Департамент физической культуры и спорта города Москвы;ЗАО;Проспект Вернадского;нет;да;да;да;да;нет;нет;да;1027739091951;"Государственное бюджетное образовательное учреждение дополнительного образования детей спортивной направленности города Москвы ""Специализированная детско-юношеская спортивная школа олимпийского резерва по теннису ""Олимпиец"" Департамента физической культуры города Москвы";(495) 431-90-65;нет;olimpiets@mossport.ru;внесены изменения;
91;2412;2412;DOGM__1820;Государственное бюджетное образовательное учреждение города Москвы средняя общеобразовательная школа № 904;"Южный / Царицыно / Кавказский бульв. / Дом- 16; Корп- 2";бесплатно;10535,9407;-3733,3455;3801961;2422;теннисный корт;;нет;будни с 08.30 - 21.00, выходные 10.00-20.00;искусственное;уличные столбы освещения;да;нет;;;2422;общеобразовательные учреждения;Департамент образования города Москвы;ЮАО;Царицыно;нет;нет;нет;нет;нет;нет;нет;нет;1027739373045;ГБОУ СОШ №904;(495) 325-41-11;schu904.mskobr.ru;sch904@sinergi.ru;;
92;5968;5968;UAO___260;сведения отсутствуют;Кировоградская ул. 44ак2;нет;6081,1819;-7609,648;10136;93770;теннисный корт;;нет;09.00 - 22.00;специальное;прожекторное освещение;да;нет;;;8537;междворовые спортивные площадки;муниципалитет;ЮАО;Чертаново Южное;нет;нет;нет;нет;нет;нет;нет;нет;1027726008903;управа района Чертаново Южное;(495) 381-15-10;нет;uao19k@yandex.ru;подтверждено;
93;6517;6517;UZAO__46;сведения отсутствуют;Голубинская ул. 25к1;бесплатно;2180,8957;-7648,9141;5672;0;теннисный корт;;нет;Будни с 09.00-22.00 Выходные с 10.00-22.00;специальное;прожекторное освещение;да;нет;;;36040;междворовые спортивные площадки;муниципалитет;ЮЗАО;Ясенево;нет;нет;нет;нет;нет;нет;нет;нет;1127746758501;"ООО ""Наши Катки""";(963) 718-98-19;нет;gorr2006@mail.ru;Внесены изменения;
94;251;251;DGKHIB69;Парк по Борисовским прудам;Маршала Захарова 2-10, Борисовский проезд 1-15;нет;13830,5231;-4150,1895;0;0;теннисный корт;;нет;с7до22ч;искусственное;смешанное освещение;да;нет;;;0;парки (озелененные городские территории);Департамент жилищно-коммунального хозяйства и благоустройства города Москвы;ЮАО;Орехово-Борисово Северное;нет;нет;нет;нет;да;нет;нет;нет;1057748436811;"ГУП ""Горзеленхоз №4""";(499) 613-79-94;нет;zelenhoz4@mail.ru;Добавлено;
69;4717;4717;MSPORT97;"Государственное бюджетное образовательное учреждение дополнительного образования детей спортивной направленности города Москвы ""Специализированная детско-юношеская спортивная школа олимпийского резерва ""Москвич"" Департамента физической культуры и спорта города Москвы";Волгоградский просп. 46/15;1500-1700 руб./час;15016,3879;4371,5275;;107094;теннисный корт;;нет;Понедельник с 8:00 до 23:00 Вторник с 8:00 до 23:00 Среда с 8:00 до 23:00 Четверг с 8:00 до 23:00 Пятница с 8:00 до 23:00 Суббота с 8:00 до 23:00 Воскресенье с 8:00 до 23:00;искусственное;лампы дневного освещения;нет;нет;55.706550478942354;37.737244707092096;39872;учреждения (центры) дополнительного образования;Департамент физической культуры и спорта города Москвы;ЮВАО;Текстильщики;нет;да;да;да;да;нет;да;да;1037739215392;"Государственное бюджетное образовательное учреждение дополнительного образования детей спортивной направленности города Москвы ""Специализированная детско-юношеская спортивная школа олимпийского резерва ""Москвич"" Департамента физической культуры и спорта";(499) 178-34-74;sport-moskvich.ru;moskvich@sport-moskvich.ru;внесены изменения;
70;6942;6942;VAO___118;сведения отсутствуют;аллея Жемчуговой 1к1;бесплатно;19990,9615;7490,4421;7657;101330;теннисный корт;;нет;ежедневно 07.00-22.00;специальное;без освещения;да;нет;;;11853;междворовые спортивные площадки;префектура;ВАО;Вешняки;нет;нет;нет;нет;нет;нет;нет;нет;1027700522948;администрация муниципального округа Вешняки в городе Москве;(495) 770-09-42;www.veshnyaki.su;sport-dosug@inbox.ru;Внесены изменения;
71;1762;1762;DOGM__1170;Государственное бюджетное образовательное учреждение города Москвы лицей № 1502 при МЭИ;Восточный / Ивановское / ул. Молостовых / Дом- 10А;бесплатно;20841,5655;10435,0387;2122249;11742;теннисный корт;;нет;с16:00 до 20:30, выходные с 12:00 до 21:00;искусственное;уличные столбы освещения;да;нет;;;11742;общеобразовательные учреждения;Департамент образования города Москвы;ВАО;Ивановское;нет;нет;нет;нет;нет;нет;нет;нет;1027739012806;ГБОУ лицей № 1502 при МЭИ;(495) 307-11-61;lyceum1502.ru;lyceum1502@inbox.ru;;
72;4580;4580;DPIOOS84;"ПИП ""Измайловский""Лесопарк ""Терлеций""";ул. Металлургов 41;нет;19589,8523;10560,6733;;;теннисный корт;;нет;Круглосуточно;асфальтовое, бетонное;без освещения;да;нет;;;;парки (озелененные городские территории);Департамент природопользования и охраны окружающей среды города Москвы;ВАО;Ивановское;нет;нет;нет;нет;нет;нет;нет;нет;сведений нет;"Санитарное состояние ГБУ ""Автодороги ВАО"" Текущий ремонт - ""ООО Серебряный родник""";(926) 728-70-52;нет;нет;Добавлено;
73;3104;3104;DOGM__2512;Государственное бюджетное образовательное учреждение города Москвы средняя общеобразовательная школа № 1101;Юго-Западный / Теплый Стан / ул. Академика Варги / Дом- 32;бесплатно;-1387,0935;-3757,7342;3000232;9431;теннисный корт;нет;нет;нет;асфальтовое, бетонное;уличные столбы освещения;нет;нет;;;9431;общеобразовательные учреждения;Департамент образования города Москвы;ЮЗАО;Тёплый Стан;нет;нет;нет;нет;нет;нет;нет;нет;1037739304460;ГБОУ СОШ № 1101;(495) 339-77-39;нет;нет;;
77;4810;4810;MSPORT190;"ФОК ""Южное Бутово"" ГБОУ ДОДСН МГФСО Москомспорта";ул. Поляны 35;только для учащихся спортшколы;3198,8535;-13054,101;;107195;теннисный корт;;нет;Понедельник с 7:15 до 21:30 Вторник с 7:15 до 21:30 Среда с 7:15 до 21:30 Четверг с 7:15 до 21:20 Пятница с 7:15 до 21:30 Суббота с 7:15 до 21:30 Воскресенье с 7:15 до 21:30;искусственное;без освещения;да;нет;55.549761329779116;37.548928259327944;39889;физкультурно-оздоровительные комплексы;Департамент физической культуры и спорта города Москвы;ЮЗАО;Южное Бутово;нет;да;да;да;да;нет;нет;да;1027700174677;"Государственное бюджетное образовательное учреждение дополнительного образования детей спортивной направленности города Москвы Специализированная детско-юношеская спортивная школа олимпийского резерва ""Московское городское физкультурно-спортивное объедин";(499) 242-84-44;mgfso.ru/fok-yuzhnoe-butovo;mgfso@mossport.ru;внесены изменения;
78;221;221;DGKHIB39;"Парк ""Захарково""";ул. Свободы, 57;нет;-2787,1955;21014,3817;2113768;0;теннисный корт;;нет;с7до22ч;искусственное;смешанное освещение;да;нет;;;0;парки (озелененные городские территории);Департамент жилищно-коммунального хозяйства и благоустройства города Москвы;СЗАО;Южное Тушино;нет;нет;нет;нет;да;нет;нет;нет;1057748436811;"ГУП ""Горзеленхоз №1""";(495) 697-22-67;нет;briza99@mail.ru;Добавлено;
79;456;456;DK____140;2 теннисных корта;ул. Крымский вал, д.9;1000;5820,3305;5710,6345;0;0;теннисный корт;;да;10.00-23.00;грунтовое;смешанное освещение;нет;100 руб. - ракетки,мячи,пушки;;;0;плоскостные спортивные сооружения;Департамент культуры города Москвы;ЦАО;Якиманка;нет;да;нет;да;да;да;нет;нет;1027739258249;ГАУК г.Москвы ЦПКиО им.М.Горького;(499) 237-11-00;park-gorkogo.com;sportdosy@yandex.ru;Подтверждено;
81;569;569;DK____253;Теннисный корт ЦПКиО им.М. Горького;ул. Крымский вал, д.9;1000;5856,5785;5763,4191;0;0;теннисный корт;;да;10.00-23.00;специальное;уличные столбы освещения;нет;сведения отсутствуют;;;0;плоскостные спортивные сооружения;Департамент культуры города Москвы;ЦАО;Якиманка;нет;да;нет;да;да;да;нет;нет;1027739258249;ГАУК г.Москвы ЦПКиО им.М.Горького;(495) 995-00-20;park-gorkogo.com;official@park-gorkogo.com;Подтверждено;
53;8444;8444;ZELAO_16;Междворовые спортивные площадки;Зеленоград ул.Полагушина;бесплатно;-18904,4536;36982,6791;0;100715;теннисный корт;теннисный корт;нет;свободный режим;асфальтовое, бетонное;уличные столбы освещения;да;нет;55.998739;37.195059;36681;междворовые спортивные площадки;муниципалитет;ЗелАО;Силино;нет;нет;нет;нет;нет;нет;нет;нет;1027700528800;администрация муниципального округа Силино;"(499) 710-81-55; (499) 710-02-51";silino.ru;info@silino.ru;Работает;
97;254;254;DGKHIB72;Парк по Борисовским прудам;Маршала Захарова 2-10, Борисовский проезд 1-15;нет;12527,1829;-4587,1497;0;0;теннисный корт;;нет;с7до22ч;искусственное;смешанное освещение;да;нет;;;0;парки (озелененные городские территории);Департамент жилищно-коммунального хозяйства и благоустройства города Москвы;ЮАО;Орехово-Борисово Северное;нет;нет;нет;нет;да;нет;нет;нет;1057748436811;"ГУП ""Горзеленхоз №4""";(499) 613-79-94;нет;zelenhoz4@mail.ru;Добавлено;
98;255;255;DGKHIB73;Парк по Борисовским прудам;Маршала Захарова 2-10, Борисовский проезд 1-15;нет;12716,0959;-4517,8286;0;0;теннисный корт;;нет;с7до22ч;искусственное;смешанное освещение;да;нет;;;0;парки (озелененные городские территории);Департамент жилищно-коммунального хозяйства и благоустройства города Москвы;ЮАО;Орехово-Борисово Северное;нет;нет;нет;нет;да;нет;нет;нет;1057748436811;"ГУП ""Горзеленхоз №4""";(499) 613-79-94;нет;zelenhoz4@mail.ru;Добавлено;
84;2748;2748;DOGM__2156;Государственное бюджетное образовательное учреждение города Москвы средняя общеобразовательная школа № 979;Южный / Орехово-Борисово Южное / Тамбовская ул. / Дом- 10;бесплатно;15588,4335;-7107,4493;2123140;2452;теннисный корт;;нет;будни с 16.00 до 21.00, по субботам с 14.00 до 21.00, воскресенье с 9.00 до 21.00;искусственное;уличные столбы освещения;да;нет;;;2452;общеобразовательные учреждения;Департамент образования города Москвы;ЮАО;Орехово-Борисово Южное;нет;нет;нет;нет;нет;нет;нет;нет;1027739564280;ГБОУ СОШ № 979;(495) 397-05-83;schu979.mskobr.ru;sch979@sinergi.ru;;
85;2187;2187;DOGM__1595;"Государственное бюджетное образовательное учреждение города Москвы центр образования № 1953 ""Москва-98""";Западный / Проспект Вернадского / ул. Удальцова / Дом- 40;бесплатно;-300,145;1900,5243;3100558;10444;теннисный корт;;нет;7.00-23.00;специальное;уличные столбы освещения;да;нет;;;10444;плоскостные спортивные сооружения;Департамент образования города Москвы;ЗАО;Проспект Вернадского;нет;нет;нет;нет;нет;нет;нет;нет;1037739075428;"ГБОУ ЦО № 1953 ""Москва-98""";(499) 432-39-01;1953.mskzapad.ru;director@newolymp.net;;
57;1945;1945;DOGM__1353;Государственное бюджетное образовательное учреждение города Москвы средняя общеобразовательная школа с этнокультурным (русским) компонентом образования № 998;"Южный / Братеево / Паромная ул. / Дом- 5; Корп- 3";бесплатно;16730,6501;-3051,5572;2123169;12202;теннисный корт;;нет;нет;асфальтовое, бетонное;без освещения;нет;нет;;;12202;общеобразовательные учреждения;Департамент образования города Москвы;ЮАО;Братеево;нет;нет;нет;нет;нет;нет;нет;нет;1127747292749;ГБОУ СОШ № 998;(495) 342-03-31;sch998.edusite.ru;sch998@sinergi.ru;;
58;2925;2925;DOGM__2333;Государственное бюджетное образовательное учреждение города Москвы средняя общеобразовательная школа № 1929;"Южный / Братеево / ул. Борисовские Пруды / Дом- 12; Корп- 2";бесплатно;15437,6301;-3492,6272;2139089;2505;теннисный корт;;нет;8:00 - 21:00;специальное;уличные столбы освещения;да;нет;;;2505;общеобразовательные учреждения;Департамент образования города Москвы;ЮАО;Братеево;нет;нет;нет;нет;нет;нет;нет;нет;1037739488951;ГБОУ СОШ №1929;(495) 341-59-96;schu1929.mskobr.ru;sch1929@sinergi.ru;;
60;680;680;DOGM__88;Государственное бюджетное образовательное учреждение города Москвы средняя общеобразовательная школа № 968;Северо-Восточный / Бутырский / ул. Милашенкова / Дом- 10В;бесплатно;5464,8679;17680,1477;2114142;9902;теннисный корт;;нет;будни с 15.00 до 21.00 выходные с 10.00 до 21.00;асфальтовое, бетонное;уличные столбы освещения;да;нет;;;9902;общеобразовательные учреждения;Департамент образования города Москвы;СВАО;Бутырский;нет;нет;нет;нет;нет;нет;нет;нет;1037739133574;школа 968;(495) 639-51-21;sch968sv.mskobr.ru;school-968@yandex.ru;;
61;5481;5481;SVAO__402;"теннисный корт ""ул. Яблочкова 23к2-3""";ул. Яблочкова 23к2-3;бесплатно;5055,7035;17141,4985;30454;93212;теннисный корт;"теннисный корт ""ул. Яблочкова 23к2-3""";нет;будни с 8:00 до 21:00 выходные с 12.00 до 21.00;искусственное;уличные столбы освещения;да;нет;;;15559;междворовые спортивные площадки;префектура;СВАО;Бутырский;нет;нет;нет;нет;нет;нет;нет;нет;1057747047115;"ООО "" Стимул""";(495) 619-05-25;www.stimulopttorg.ru;firmastimul@mail.ru;Подтверждено;нет
62;201;201;DGKHIB19;"Парк у прудов ""Радуга""";Пересечение улицы Юности с Жемчуговой аллеей 1А;нет;17839,7623;7207,6021;0;0;теннисный корт;;нет;с7до22ч;искусственное;прожекторное освещение;да;нет;;;0;парки (озелененные городские территории);Департамент жилищно-коммунального хозяйства и благоустройства города Москвы;ВАО;Вешняки;нет;нет;нет;нет;да;нет;нет;нет;1057748437372;"ГУП ""Горзеленхоз №1""";(495) 697-22-67;нет;briza99@mail.ru;Добавлено;
63;202;202;DGKHIB20;"Парк у прудов ""Радуга""";Пересечение улицы Юности с Жемчуговой аллеей 1А;нет;19369,0571;7337,2481;0;0;теннисный корт;;нет;с7до22ч;искусственное;прожекторное освещение;да;нет;;;0;парки (озелененные городские территории);Департамент жилищно-коммунального хозяйства и благоустройства города Москвы;ВАО;Вешняки;нет;нет;нет;нет;да;нет;нет;нет;1057748437372;"ГУП ""Горзеленхоз №1""";(495) 697-22-67;нет;briza99@mail.ru;Добавлено;
66;822;822;DOGM__230;Государственное бюджетное образовательное учреждение города Москвы центр образования № 1436;"Западный / Солнцево / Родниковая ул. / Дом- 20; Корп- 1";бесплатно;-7410,1964;-3664,3729;2112563;7385;теннисный корт;;нет;с 8:00 до 22:00;асфальтовое, бетонное;уличные столбы освещения;нет;нет;;;7385;общеобразовательные учреждения;Департамент образования города Москвы;ЗАО;Солнцево;нет;нет;нет;нет;нет;нет;нет;нет;1027700507218;ГБОУ ЦО № 1436;(495) 934-76-20;co1436.mskzapad.ru;ce1436@mail.ru;;
75;4792;4792;MSPORT172;"ГБУ ""ФК ""Строгино""";ул. Василия Ботылева 43;сведения отсутствуют;-9123,1852;13639,5695;;106939;теннисный корт;;нет;Понедельник с 8:00 до 18:00 Вторник с 8:00 до 18:00 Среда с 8:00 до 18:00 Четверг с 8:00 до 18:00 Пятница с 8:00 до 18:00 Суббота с до Воскресенье с до;грунтовое;без освещения;да;нет;55.78952880824634;37.35263656383398;39823;учреждения (центры) дополнительного образования;Департамент физической культуры и спорта города Москвы;ЗАО;Кунцево;нет;да;нет;нет;да;нет;нет;нет;1037739019526;"Государственное бюджетное учреждение города Москвы Футбольный клуб ""Строгино"" Департамента физической культуры и спорта города Москвы";(499) 727-40-05;fs94.ru;info@fs94.ru;внесены изменения;
76;621;621;DOGM__29;Государственное бюджетное образовательное учреждение города Москвы лицей №1158;Южный / Чертаново Северное / мкр. Северное Чертаново / Корп- 809;бесплатно;6176,0011;-3585,1073;2118651;12213;теннисный корт;;нет;будни с 8.30 до 21.00, выходные с 9.00 до 21.00;специальное;уличные столбы освещения;да;нет;;;12213;общеобразовательные учреждения;Департамент образования города Москвы;ЮАО;Чертаново Северное;нет;нет;нет;нет;нет;нет;нет;нет;1127746764771;ГБОУ лицей 1158;(495) 319-34-50;1158.рф;sch1158@sinergi.ru;;
82;2434;2434;DOGM__1842;Государственное бюджетное образовательное учреждение города Москвы средняя общеобразовательная школа № 750;Северо-Восточный / Ярославский / Палехская ул. / Дом- 8;бесплатно;12376,7525;22022,0967;2124950;9879;теннисный корт;;нет;круглосуточно;асфальтовое, бетонное;без освещения;да;нет;;;9879;общеобразовательные учреждения;Департамент образования города Москвы;СВАО;Ярославский;нет;нет;нет;нет;нет;нет;нет;нет;1027700593667;ГБОУ СОШ № 750;(499) 183-27-01;sch750sv.mskobr.ru;sch750@yandex.ru;;
83;1982;1982;DOGM__1390;Государственное бюджетное образовательное учреждение города Москвы лицей №507;Южный / Нагатино-Садовники / Коломенский пр. / Дом- 16;бесплатно;9956,3707;-79,45;3806173;12214;теннисный корт;;нет;8.30-21.00;искусственное;прожекторное освещение;да;нет;;;12214;общеобразовательные учреждения;Департамент образования города Москвы;ЮАО;Нагатино-Садовники;нет;нет;нет;нет;нет;нет;нет;нет;1127746768820;Государственное бюджетное образовательное учреждение города Москвы лицей №507;(499) 612-50-77;schu507.mskobr.ru;sch507@sinergi.ru;;
67;267;267;DGKHIB85;Терлецкая Дубрава;Свободный проспект, 2;нет;20234,2463;11086,4015;4200263;0;теннисный корт;;нет;с7до22ч;искусственное;без освещения;да;нет;;;0;парки (озелененные городские территории);Департамент жилищно-коммунального хозяйства и благоустройства города Москвы;ВАО;Ивановское;нет;нет;нет;нет;да;нет;нет;нет;1057748437372;"ГУП ""Горзеленхоз №1""";(495) 697-22-67;нет;briza99@mail.ru;Добавлено;
68;4705;4705;MSPORT85;"Государственное бюджетное образовательное учреждение дополнительного образования детей спортивной направленности города Москвы ""Специализированная детско-юношеская спортивная школа олимпийского резерва ""Москвич"" Департамента физической культуры и спорта города Москвы";Волгоградский просп. 46/15;400-600 руб.;14953,6815;4469,0267;;107102;теннисный корт;;нет;Понедельник с 8:00 до 23:00 Вторник с 8:00 до 23:00 Среда с 8:00 до 23:00 Четверг с 8:00 до 23:00 Пятница с 8:00 до 23:00 Суббота с 8:00 до 23:00 Воскресенье с 8:00 до 23:00;искусственное;прожекторное освещение;нет;нет;55.70694339970889;37.73550127123252;39872;учреждения (центры) дополнительного образования;Департамент физической культуры и спорта города Москвы;ЮВАО;Текстильщики;нет;да;да;да;да;нет;да;да;1037739215392;"Государственное бюджетное образовательное учреждение дополнительного образования детей спортивной направленности города Москвы ""Специализированная детско-юношеская спортивная школа олимпийского резерва ""Москвич"" Департамента физической культуры и спорта";(499) 178-34-74;sport-moskvich.ru;moskvich@sport-moskvich.ru;внесены изменения;
19;4689;4689;MSPORT69;"Стадион""Янтарь"" Казенное предприятие Физкультурно-спортивный центр ""Строгино""";ул. Маршала Катукова 26;разовая аренда от 400 руб. до 1200 руб.;-5287,3022;14736,6131;;106636;теннисный корт;;нет;Понедельник с 7:00 до 23:00 Вторник с 7:00 до 23:00 Среда с 7:00 до 23:00 Четверг с 7:00 до 23:00 Пятница с 7:00 до 23:00 Суббота с 7:00 до 23:00 Воскресенье с 7:00 до 23:00;специальное;прожекторное освещение;нет;нет;55.79935276442438;37.41392312805673;39757;стадионы (1500 и более мест);Департамент физической культуры и спорта города Москвы;СЗАО;Строгино;нет;да;да;да;да;да;нет;да;1047796148102;"Казенное предприятие города Москвы ""Физкультурно-спортивный центр ""Строгино""";(499) 252-98-08;stroginosport.ru;kpfsc-strogino@yandex.ru;внесены изменения;
21;2936;2936;DOGM__2344;Государственное бюджетное образовательное учреждение города Москвы средняя общеобразовательная школа с углубленным изучением английского языка № 1944;"Северо-Западный / Митино / ул. Барышиха / Дом- 17; Корп- 1";бесплатно;-9308,4104;19521,0299;3301182;9570;теннисный корт;;нет;"15:00 - 21.00; вс. 10:00 - 21.00";искусственное;смешанное освещение;нет;нет;;;9570;общеобразовательные учреждения;Департамент образования города Москвы;СЗАО;Митино;нет;нет;нет;нет;нет;нет;нет;нет;1037739116997;ГБОУ СОШ № 1944;(495) 794-20-19;sch1944.ru;sch1944@szouo.ru;;
22;3215;3215;DOGM__2623;Государственное бюджетное образовательное учреждение города Москвы центр образования №1446;"Северо-Восточный / Алтуфьевский / Костромская ул. / Дом- 14; Корп- 1";бесплатно;6025,1453;24160,3611;2114139;9949;теннисный корт;;нет;с 08:00 до 22:00;асфальтовое, бетонное;без освещения;нет;нет;;;9949;общеобразовательные учреждения;Департамент образования города Москвы;СВАО;Алтуфьевский;нет;нет;нет;нет;нет;да;нет;да;1027739804190;Государственное бюджетное образовательное учреждение города Москвы центр образования № 1446;(499) 902-22-27;co1446sv.mskobr.ru;schol164@yandex.ru;;
15;2271;2271;DOGM__1679;Государственное бюджетное образовательное учреждение города Москвы средняя общеобразовательная школа с углубленным изучением информатики № 1351;Восточный / Новокосино / Суздальская ул. / Дом- 22Б;бесплатно;22561,0863;8316,4983;2122248;10392;теннисный корт;;нет;10:00 до 21:00;специальное;уличные столбы освещения;да;нет;;;10392;общеобразовательные учреждения;Департамент образования города Москвы;ВАО;Новокосино;нет;нет;нет;нет;нет;нет;нет;нет;1037739275870;ГБОУ СОШ № 1351;(495) 701-03-60;schu1351.mskobr.ru;schooll1351@mail.ru;;
16;854;854;DOGM__262;Государственное бюджетное образовательное учреждение города Москвы средняя общеобразовательная школа города Москвы с этнокультурным (русским) компонентом образования № 996;Южный / Орехово-Борисово Северное / Борисовский пр. / Дом- 13;бесплатно;14181,9597;-4473,9001;2123176;7345;теннисный корт;;нет;с 9:00 до 21:00;искусственное;без освещения;нет;нет;;;7345;общеобразовательные учреждения;Департамент образования города Москвы;ЮАО;Орехово-Борисово Северное;нет;нет;нет;нет;нет;нет;нет;нет;1037739140273;ГБОУ СОШ № 996;(495) 390-07-09;scheu996.mskobr.ru;sch996@sinergi.ru;;
17;496;496;DK____180;"ПКиО ""Сокольники""";3-й Лучевой просек, д.1 стр.1;1000;10891,0823;14520,0267;2100592;0;теннисный корт;;да;ежедневно с 10-00 до 21-00;деревянное;без освещения;нет;130 руб. - ракетки для настольного тенниса;;;0;парки (озелененные городские территории);Департамент культуры города Москвы;ВАО;Сокольники;нет;да;да;да;да;нет;нет;нет;1027700123285;"ГАУК г. Москвы ПКиО ""Сокольники""";(499) 393-92-22;park.sokolniki.com;info@park.sokolniki.com;Подтверждено;
18;563;563;DK____247;"Теннисный корт парк ""Сокольники""";ул. Сокольнический Вал 1с1;сведения отсутствуют;10682,1933;14567,5195;2109201;102286;теннисный корт;учебная стенка для большого тенниса;да;9:00-21:00;специальное;уличные столбы освещения;нет;1000 руб./час;;;17405;плоскостные спортивные сооружения;Департамент культуры города Москвы;ВАО;Сокольники;да;нет;нет;нет;да;да;нет;нет;1027700123285;ГАУК г.Москвы ПКиО «Сокольники»;(499) 268-54-30;www.park.sokolniki.com;info@park.sokolniki.com;Подтверждено;
1;1518;1518;DOGM__926;Государственное бюджетное образовательное учреждение города Москвы средняя общеобразовательная школа № 1028;Восточный / Вешняки / аллея Жемчуговой / Дом- 7;бесплатно;20670,3001;7387,5769;2122250;10299;теннисный корт;;нет;c 8:30-21:00;искусственное;уличные столбы освещения;нет;нет;;;10299;общеобразовательные учреждения;Департамент образования города Москвы;ВАО;Вешняки;нет;нет;нет;нет;нет;нет;нет;да;1037739331080;ГБОУ СОШ № 1028;(495) 370-51-00;нет;нет;;
2;2009;2009;DOGM__1417;Государственное бюджетное образовательное учреждение города Москвы средняя общеобразовательная школа №813;Восточный / Вешняки / Снайперская ул. / Дом- 11А;бесплатно;19865,6753;5923,8039;2122227;10290;теннисный корт;;нет;с 10:00 до 18:00 кроме воскресенья;искусственное;без освещения;да;нет;;;10290;общеобразовательные учреждения;Департамент образования города Москвы;ВАО;Вешняки;нет;нет;нет;нет;нет;нет;нет;нет;1027739612339;ГБОУ СОШ № 813;(499) 373-64-61;sch813.mskobr.ru;sch813-1970@yandex.ru;;
3;4763;4763;MSPORT143;ГБУ «Дворец детского спорта» Москомспорта;Рабочая ул. 63;Разовое посещение пн-пт с 07.00 до 17.00 Дети до 18 лет 300 руб. Взрослый 600 руб.;11983,5111;8213,3069;;107038;теннисный корт;;да;Понедельник с 7:15 до 23:00 Вторник с 7:15 до 23:00 Среда с 7:15 до 23:00 Четверг с 7:15 до 23:00 Пятница с 7:15 до 23:00 Суббота с 7:15 до 23:00 Воскресенье с 7:15 до 23:00;специальное;прожекторное освещение;нет;сведения отсутствуют;55.74064882295843;37.68902446424094;39851;физкультурно-оздоровительные комплексы;Департамент физической культуры и спорта города Москвы;ЦАО;Таганский;нет;да;да;да;да;да;нет;да;1037739267830;"Государственное бюджетное учреждение ""Дворец детского спорта"" Департамента физической культуры и спорта города Москвы";(495) 671-50-78;dds-sport.ru;dds@mossport.ru;внесены изменения;
4;2613;2613;DOGM__2021;"Государственное бюджетное образовательное учреждение города Москвы средняя общеобразовательная школа ""Школа надомного обучения"" № 367";Зеленоградский / Старое Крюково / Зеленоград / Корп- 864;бесплатно;-18458,3437;34118,4239;3701625;10196;теннисный корт;нет;нет;нет;натуральное;уличные столбы освещения;нет;нет;;;10196;общеобразовательные учреждения;Департамент образования города Москвы;ЗелАО;Старое Крюково;нет;нет;нет;нет;нет;нет;нет;нет;1027739336712;ГБОУ СОШНО № 367;(499) 729-81-82;нет;нет;;
5;2467;2467;DOGM__1875;Государственное бюджетное образовательное учреждение города Москвы центр образования № 936;"Южный / Зябликово / Задонский пр. / Дом- 34; Корп- 3";бесплатно;16177,3715;-5165,5645;2123178;2436;теннисный корт;;нет;будни 8.30 до 21:00, выходные 10:00 до 21:00;искусственное;уличные столбы освещения;да;нет;;;2436;общеобразовательные учреждения;Департамент образования города Москвы;ЮАО;Зябликово;нет;нет;нет;нет;нет;нет;нет;нет;1027700541043;Государственное бюджетное образовательное учреждение г. Москвы центр образования №936;(495) 395-92-64;cou936.mskobr.ru;sch936@sinergi.ru;;
6;478;478;DK____162;теннисный корт;Народный пр-т, д.17;350 за час игры;16443,4299;10479,3925;0;0;теннисный корт;спортивная площадка на 5 теннисных кортов;да;ср., чт., птн. С 12:00 до 20:00, выходные с 11:00 до 21:00;искусственное;уличные столбы освещения;нет;350 руб. - спортивный инвентарь для игры в теннис;;;0;плоскостные спортивные сооружения;Департамент культуры города Москвы;ВАО;Измайлово;нет;да;да;да;да;да;нет;нет;1037739542719;"ГАУК г. Москвы ""Измайловский ПКиО""";(499) 166-61-19;www.izmailovsky-park.ru;izmpark@mail.ru;Подтверждено;
7;3527;3527;DOGM__2935;Государственное бюджетное образовательное учреждение города Москвы средняя общеобразовательная школа № 1114;"Западный / Филевский Парк / Филёвский бульв. / Дом- 13; Корп- 2";бесплатно;-873,9209;10831,5997;2127912;540;теннисный корт;;нет;8-30 - 20-00;грунтовое;уличные столбы освещения;да;нет;;;540;общеобразовательные учреждения;Департамент образования города Москвы;ЗАО;Филёвский Парк;нет;нет;нет;нет;нет;нет;нет;нет;1027700536126;ГБОУ СОШ № 1114;(499) 145-19-63;sch1114.mskzapad.ru;s1114@eandex.ru;;
8;1406;1406;DOGM__814;Государственное бюджетное образовательное учреждение города Москвы средняя общеобразовательная школа № 723;Восточный / Восточное Измайлово / Нижняя Первомайская ул. / Дом- 51;бесплатно;19674,7957;13899,8427;2115707;10278;теннисный корт;НЕ ИМЕЕТ;нет;с 08.00 до 22.00 ежедневно;специальное;уличные столбы освещения;да;нет;;;10278;общеобразовательные учреждения;Департамент образования города Москвы;ВАО;Восточное Измайлово;нет;нет;нет;нет;нет;нет;нет;нет;1037739195207;ГБОУ СОШ № 723;(495) 465-30-61;sch723.mskobr.ru;n.kameneva@school723.ru;;
9;307;307;DGKHIB125;Стартовая улица (Джамгаровский пруд);Стартовая улица 11;нет;12618,5967;24608,4887;24733;0;теннисный корт;;нет;с7до22ч;искусственное;смешанное освещение;да;нет;;;0;парки (озелененные городские территории);Департамент жилищно-коммунального хозяйства и благоустройства города Москвы;СВАО;Лосиноостровский;нет;нет;нет;нет;да;нет;нет;нет;1057748437372;"ГУП ""Горзеленхоз №1""";(495) 697-22-67;нет;briza99@mail.ru;Добавлено;
10;395;395;DK____79;Теннисные корты;ул. Люблинская, д.53;нет;15125,2011;2419,0345;0;0;теннисный корт;Люблино Теннисные корты;да;с 10:00 до 22:00;отсыпное;смешанное освещение;нет;300 руб./час - сетка для игры в большой теннис;;;0;спортивные комплексы;Департамент культуры города Москвы;ЮВАО;Люблино;нет;нет;нет;нет;нет;нет;нет;нет;1027700189087;МГОМЗ;(499) 612-11-55;www.mgomz.ru;info@mgomz.ru;Подтверждено;
11;2505;2505;DOGM__1913;"Государственное бюджетное образовательное учреждение города Москвы Детский оздоровительно-образовательный центр ""Центральный""";"Центральный / Мещанский / ул. Сущёвский Вал / Дом- 56; Стр- 1";бесплатно;7722,7171;13919,1585;2126321;0;теннисный корт;;да;с 07.00 до 23.00;специальное;без освещения;да;сведения отсутствуют;;;0;учреждения (центры) дополнительного образования;сведения отсутствуют;ЦАО;Мещанский;да;да;нет;нет;да;нет;нет;нет;1027739615144;"ДООЦ ""Центральный""";(495) 688-57-87;www.dooccao.ru;dooccao@gmail.com;;
12;3817;3817;DOGM__3225;Государственное бюджетное образовательное учреждение города Москвы гимназия №1358;"Северо-Западный / Митино / Пятницкое шоссе / Дом- 45; Корп- 2";бесплатно;-9482,6997;21102,1081;2118869;12432;теннисный корт;;нет;будни с 15:00 до 21:00, выходные с 8:00 до 21:00;искусственное;уличные столбы освещения;нет;нет;;;12432;общеобразовательные учреждения;Департамент образования города Москвы;СЗАО;Митино;нет;нет;нет;да;нет;да;нет;нет;1137746205541;ГБОУ гимназия №1358;(495) 751-69-72;schusz1358.mskobr.ru;sch1358@szouo.ru;;
13;3676;3676;DOGM__3084;Государственное бюджетное образовательное учреждение города Москвы лицей № 1564;Северо-Западный / Митино / ул. Рословка / Дом- 8;бесплатно;-8630,1547;18183,9191;3302769;12221;теннисный корт;;нет;будни и выходные с 9:00 до 21:00;отсыпное;уличные столбы освещения;да;нет;;;12221;общеобразовательные учреждения;Департамент образования города Москвы;СЗАО;Митино;нет;нет;нет;нет;нет;нет;нет;нет;1127746707440;ГБОУ лицей № 1564;(495) 505-97-41;lic1564.narod.ru;info@lic1564.ru;;
14;1517;1517;DOGM__925;Государственное бюджетное образовательное учреждение города Москвы средняя общеобразовательная школа № 1024;Восточный / Новокосино / Новокосинская ул. / Дом- 41;бесплатно;23333,2483;8598,7123;2122208;10298;теннисный корт;ГБОУ СОШ №1024;нет;будни с 10-00 до 22-00,выходные с 10-00 до 22-00;специальное;без освещения;да;нет;;;10298;общеобразовательные учреждения;Департамент образования города Москвы;ВАО;Новокосино;нет;нет;нет;нет;нет;нет;нет;нет;1037739291413;ГБОУ СОШ № 1024;(495) 702-32-66;schv1024.mskobr.ru;shalimov1024vouo@rambler.ru;;
47;2917;2917;DOGM__2325;Государственное бюджетное образовательное учреждение города Москвы средняя общеобразовательная школа № 2001;Южный / Бирюлево Западное / Харьковский пр. / Дом- 9Б;бесплатно;8928,8973;-8485,9276;3805339;2509;теннисный корт;;нет;будни с 18:30 до 21:00, суббота с 14:00 до 21:00, воскресенье с 10:00 до 21:00;отсыпное;без освещения;да;нет;;;2509;общеобразовательные учреждения;Департамент образования города Москвы;ЮАО;Бирюлёво Западное;нет;нет;нет;нет;нет;нет;нет;нет;1027739618246;ГБОУ СОШ №2001;(495) 385-30-66;www.school2001.ru;sch2001@sinergi.ru;;
49;219;219;DGKHIB37;"Парк ""Захарково""";ул. Свободы, 57;нет;-2846,5946;21046,7931;2113768;0;теннисный корт;;нет;с7до22ч;искусственное;смешанное освещение;да;нет;;;0;парки (озелененные городские территории);Департамент жилищно-коммунального хозяйства и благоустройства города Москвы;СЗАО;Северное Тушино;нет;нет;нет;нет;да;нет;нет;нет;1057748436811;"ГУП ""Горзеленхоз №4""";(499) 613-79-94;нет;zelenhoz4@mail.ru;Добавлено;
23;5492;5492;SVAO__413;"площадка для тенниса ""Костромская ул. 14 к.1""";Костромская ул. 14 к.1;бесплатно;6041,0419;24092,2857;;0;теннисный корт;"площадка для тенниса ""Костромская ул. 14 к.1""";нет;08.00-22.00;асфальтовое, бетонное;прожекторное освещение;да;нет;55.88335;37.59483;0;общеобразовательные учреждения;Департамент образования города Москвы;СВАО;Алтуфьевский;нет;да;нет;нет;да;нет;нет;да;1027739804190;ГБОУ Центр образования №1446;(499) 902-22-27;www.co1446sv.mskobr.ru;schol164@yandex.ru;Внесены изменения;Неправильно указан адрес
24;4797;4797;MSPORT177;"Учебно-спортивный комплекс ""Курьяново"" ГБОУ ДОДСН «СДЮСШОР № 64» Москомспорта";1-й Курьяновский пр. 17с1;1200 руб./час;12488,5079;-1284,8727;;107163;теннисный корт;;нет;Понедельник с 10:00 до 22:00 Вторник с 10:00 до 22:00 Среда с 10:00 до 22:00 Четверг с 10:00 до 22:00 Пятница с 10:00 до 22:00 Суббота с 10:00 до 22:00 Воскресенье с 10:00 до 22:00;искусственное;прожекторное освещение;нет;нет;55.6553256113933;37.69663769115405;39884;физкультурно-оздоровительные комплексы;Департамент физической культуры и спорта города Москвы;ЮВАО;Печатники;нет;да;нет;нет;да;нет;нет;да;1037739763588;"Государственное бюджетное образовательное учреждение дополнительного образования детей спортивной направленности города Москвы "" Специализированная детско-юношеская спортивная школа олимпийского резерва № 64"" Департамента физической культуры и спорта гор";(499) 175-54-12;сдюсшор64.рф;holy64@mail.ru;внесены изменения;
25;3115;3115;DOGM__2523;Государственное бюджетное образовательное учреждение города Москвы средняя общеобразовательная школа № 1945;Юго-Западный / Северное Бутово / Старокачаловская ул. / Дом- 22;бесплатно;5454,2995;-10746,2008;2900002;9599;теннисный корт;крытые теннисные корты;да;с 9.00 до 22.00 ежедневно;искусственное;прожекторное освещение;да;"100 руб. - ракетки; 150 руб. - мячи";;;9599;спортивные комплексы;Департамент образования города Москвы;ЮЗАО;Северное Бутово;нет;да;нет;нет;да;нет;нет;да;1117799022626;"АНО "" СК ""Синяя птица""";(495) 714-98-18;www.tennismoskva.ru;a_tennis@mail.ru;;
27;374;374;DK____58;ПКиО «Северное Тушино»;ул. Свободы, д.56;сведения отсутствуют;-3006,4541;21877,9599;0;0;теннисный корт;;нет;9.00-22.00;специальное;лампы дневного освещения;да;нет;;;0;плоскостные спортивные сооружения;Департамент культуры города Москвы;СЗАО;Северное Тушино;нет;нет;да;да;да;да;нет;нет;1027739926631;"ГАУК г.Москвы ПКиО ""Северное Тушино""";(495) 497-51-84;mosparks.ru;tushpark@yandex.ru;Подтверждено;
28;3653;3653;DOGM__3061;"Государственное бюджетное образовательное учреждение города Москвы центр образования ""Школа здоровья"" № 1317";"Западный / Тропарево-Никулино / ул. Академика Анохина / Дом- 4; Корп- 5";бесплатно;-1728,51;500,1709;3101763;565;теннисный корт;;нет;с 8:00 до 18:00;специальное;уличные столбы освещения;да;нет;;;565;общеобразовательные учреждения;Департамент образования города Москвы;ЗАО;Тропарёво-Никулино;нет;нет;нет;нет;нет;нет;нет;нет;1037729000418;ГБОУ ЦО № 1317;(495) 735-66-11;www.co1317.mskzapad.ru;1317@bk.ru;;
30;4666;4666;MSPORT46;"СК ""Олимпийская деревня-80""";ул. Мичуринский Проспект, Олимпийская Деревня 2;"Разовое посещение в будни - 400 руб./час; разовое посещение в будни с 18.00, выходные и праздничные дни - 600 руб./час; абонемент не менее 4-х занятий в месяц, в будни - 360 руб./час; абонемент не менее 4-х занятий в месяц, в выходные и праздничные дни - 540 руб./час";-1523,5756;1101,7369;;106989;теннисный корт;;нет;Понедельник с 7:00 до 22:00 Вторник с 7:00 до 22:00 Среда с 7:00 до 22:00 Четверг с 7:00 до 22:00 Пятница с 7:00 до 22:00 Суббота с 9:00 до 21:00 Воскресенье с 9:00 до 21:00;специальное;смешанное освещение;нет;нет;55.67691511412554;37.47402005164295;39835;физкультурно-оздоровительные комплексы;Департамент физической культуры и спорта города Москвы;ЗАО;Тропарёво-Никулино;нет;да;да;да;да;нет;нет;да;1037739195174;"Казенное предприятие города Москвы ""Спортивный комплекс Олимпийской деревни-80""";(495) 437-19-66;sport-olimp80.ru;snigur@sport-olimp80.ru;внесены изменения;
31;3184;3184;DOGM__2592;Государственное бюджетное образовательное учреждение города Москвы средняя общеобразовательная школа с углубленным изучением английского языка № 1413;Северо-Восточный / Бибирево / Белозерская ул. / Дом- 15;бесплатно;7464,2495;25593,4449;2103759;9934;теннисный корт;Межшкольный стадион;нет;с 8:00 до 21:00 - 7 дней в неделю;асфальтовое, бетонное;уличные столбы освещения;да;нет;;;9934;общеобразовательные учреждения;Департамент образования города Москвы;СВАО;Бибирево;нет;нет;да;нет;нет;нет;нет;нет;1027700493677;ГБОУ СОШ № 1413;(499) 206-33-47;schu1413sv.mskobr.ru;sch1413@yandex.ru;;
32;3964;3964;DOGM__3372;Государственное бюджетное образовательное учреждение города Москвы центр образования № 953;Северо-Восточный / Бибирево / Шенкурский пр. / Дом- 15;бесплатно;5703,9309;25500,9187;2114148;9946;теннисный корт;;нет;8:00-21:00;асфальтовое, бетонное;уличные столбы освещения;да;нет;;;9946;общеобразовательные учреждения;Департамент образования города Москвы;СВАО;Бибирево;нет;нет;да;нет;нет;нет;нет;да;1027700473844;ГБОУ ЦО № (53;(499) 909-18-00;co953sv.mskobr.ru;sch953@mail.ru;;
33;2979;2979;DOGM__2387;Государственное бюджетное образовательное учреждение города Москвы Государственная столичная гимназия;Северо-Восточный / Бибирево / Белозерская ул. / Дом- 12;бесплатно;7373,0659;25472,2745;2135056;0;теннисный корт;нет;нет;сведения отстутствуют;отсыпное;уличные столбы освещения;да;нет;;;0;общеобразовательные учреждения;сведения отсутствуют;СВАО;Бибирево;нет;нет;нет;нет;нет;нет;нет;нет;1117746979327;ГБОУ Государственная столичная гимназия;(495) 707-07-62;gsgschool.ru;gsg@mail.ru;;
34;2763;2763;DOGM__2171;Государственное бюджетное образовательное учреждение города Москвы средняя общеобразовательная школа № 651;Северный / Головинский / Флотская ул. / Дом- 60;бесплатно;587,5337;20775,4947;2112070;11467;теннисный корт;;нет;с 8:00 до 21:00;асфальтовое, бетонное;без освещения;да;нет;;;11467;общеобразовательные учреждения;Департамент образования города Москвы;САО;Головинский;нет;нет;нет;нет;нет;нет;нет;нет;1037739161624;ГБОУ СОШ № 651;(495) 453-44-25;schs651.mskobr.ru;sch651@mail.ru;;
35;612;612;DOGM__20;Государственное бюджетное образовательное учреждение города Москвы гимназия №1272;Южный / Даниловский / 1-й Кожуховский пр. / Дом- 17;бесплатно;10411,3291;4588,9595;2124462;12211;теннисный корт;;нет;Будни: 17:00-20:00, выходные: 9:00-20:00;искусственное;без освещения;нет;нет;;;12211;общеобразовательные учреждения;Департамент образования города Москвы;ЮАО;Даниловский;нет;нет;нет;нет;нет;нет;нет;нет;1127746700839;ГБОУ гимназия №1272;(495) 710-36-39;"www.cou1272.mskobr.ru; zo1272.edusite.ru";sch1272@sinergi.ru;;
36;5076;5076;SAO___239;сведения отсутствуют;г. Москва, ул. Петрозаводская, д. 28, корп. 5;бесплатно;-661,6717;22680,6923;;;теннисный корт;;нет;08.00-22.00;грунтовое;прожекторное освещение;нет;нет;;;;междворовые спортивные площадки;муниципалитет;САО;Ховрино;нет;да;нет;нет;нет;нет;нет;нет;1107746111989;Общество с ограниченной ответственностью «Асти»;(965) 319-00-70;нет;avantag777@gmail.com;;
37;1757;1757;DOGM__1165;Государственное бюджетное образовательное учреждение города Москвы центр образования № 1475;Восточный / Гольяново / Новосибирская ул. / Дом- 8А;бесплатно;20342,4251;16598,5109;2114447;10351;теннисный корт;;нет;с 8:00 до 21:00;искусственное;уличные столбы освещения;да;нет;;;10351;общеобразовательные учреждения;Департамент образования города Москвы;ВАО;Гольяново;нет;нет;нет;нет;нет;нет;нет;нет;1037718019459;ГБОУ центр образования № 1475;(495) 469-50-08;co1475.mskobr.ru;cо1475@mail.ru;;
38;3601;3601;DOGM__3009;Государственное бюджетное образовательное учреждение города Москвы средняя общеобразовательная школа № 1605;"Северо-Западный / Хорошево-Мневники / ул. Народного Ополчения / Дом- 22; Корп- 4";бесплатно;-1039,4196;12433,6675;2114731;12245;теннисный корт;нет;нет;ежедневно с 15.00 до 21.00;искусственное;смешанное освещение;да;нет;;;12245;общеобразовательные учреждения;Департамент образования города Москвы;СЗАО;Хорошёво-Мневники;нет;нет;нет;нет;нет;нет;нет;нет;1127747010841;ГБОУ СОШ № 1605;(499) 191-20-11;www.sch1605.mskobr.ru;sch1605@szouo.ru;;
39;3841;3841;DOGM__3249;Государственное бюджетное образовательное учреждение города Москвы специальная (коррекционная) общеобразовательная школа-интернат I и II видов № 101;Северо-Западный / Хорошево-Мневники / ул. Паршина / Дом- 39;бесплатно;-3018,6897;13461,6543;2114843;9631;теннисный корт;;нет;с 8:30 до 21:00;песчаное;уличные столбы освещения;да;нет;;;9631;общеобразовательные учреждения;Департамент образования города Москвы;СЗАО;Хорошёво-Мневники;нет;нет;нет;нет;да;нет;нет;да;1027739884094;ГБОУ СКОШИ № 101;(499) 720-39-05;schisz101.mskobr.ru;sch101@szouo.ru;;
41;4737;4737;MSPORT117;"Казённое предприятие "" Олимпийский учебно-спортивный центр ""Крылатское""";Крылатская ул. 2с1;450 руб/час - пара;-3460,5615;9915,2871;;106896;теннисный корт;;нет;Понедельник с 7:30 до 22:30 Вторник с 7:30 до 22:30 Среда с 7:30 до 22:30 Четверг с 7:30 до 22:30 Пятница с 7:30 до 22:30 Суббота с 8:30 до 23:00 Воскресенье с 8:30 до 23:00;специальное;смешанное освещение;нет;нет;55.75613477309234;37.44353825115805;39814;гребные базы и каналы;Департамент физической культуры и спорта города Москвы;ЗАО;Крылатское;нет;да;да;да;да;нет;нет;да;1037739352903;"Казенное предприятие города Москвы ""Олимпийский учебно-спортивный центр ""Крылатское""";(499) 140-86-58;grebnoy-kanal.ru;info@grebnoy-kanal.ru;внесены изменения;
50;4721;4721;MSPORT101;Государственное бюджетное учреждение дополнительного образования детей спортивной направленности города Москвы «Специализированная Детско-юношеская спортивная школа олимпийского резерва «Северный» Департамента физической культуры и спорта города Москвы;9-я Северная линия 1Б;Занятия теннисом на открытом корте для физических лиц и юридических лиц 800 руб./час;3579,0445;30075,6727;;106910;теннисный корт;;нет;Понедельник с 8:00 до 23:00 Вторник с 8:00 до 23:00 Среда с 8:00 до 23:00 Четверг с 8:00 до 23:00 Пятница с 8:00 до 23:00 Суббота с 8:00 до 23:00 Воскресенье с 8:00 до 23:00;специальное;смешанное освещение;нет;нет;55.9371403984265;37.555490608381184;39815;учреждения (центры) дополнительного образования;Департамент физической культуры и спорта города Москвы;СВАО;Северный;нет;да;да;да;да;нет;нет;да;1037739219319;"Государственное бюджетное образовательное учреждение дополнительного образования детей спортивной направленности города Москвы ""Специализированная детско-юношеская спортивная школа олимпийского резерва ""Северный"" Департамента физической культуры и спорта";(499) 767-89-16;severny.mossport.ru;severny@mossport.ru;внесены изменения;
51;2312;2312;DOGM__1720;"Государственное бюджетное образовательное учреждение высшего профессионального образования города Москвы ""Московская государственная академия делового администрирования""";Зеленоградский / Силино / Зеленоград / Корп- 1140;бесплатно;-20373,5606;36456,3111;3700133;4066;теннисный корт;ГБОУ ВПО МГАДА;нет;9:00-21:00;искусственное;уличные столбы освещения;да;нет;;;4066;ВУЗы;Департамент образования города Москвы;ЗелАО;Силино;нет;да;нет;да;да;да;да;да;1027700134142;ГБОУ ВПО МГАДА;(499) 710-94-42;www.msaba.ru;info@miba.ru;;
52;8519;8519;ZELAO_91;Междворовые спортивные площадки;Зеленоград ул.Полагушина;бесплатно;-18925,9873;37006,3853;0;100716;теннисный корт;теннисный корт;нет;свободный режим;асфальтовое, бетонное;уличные столбы освещения;да;нет;55.999087;37.195188;36682;междворовые спортивные площадки;муниципалитет;ЗелАО;Силино;нет;нет;нет;нет;нет;нет;нет;нет;1027700528800;администрация муниципального округа Силино;"(499) 710-81-55; (499) 710-02-51";silino.ru;info@silino.ru;Работает;
43;4736;4736;MSPORT116;"Казённое предприятие "" Олимпийский учебно-спортивный центр ""Крылатское""";Крылатская ул. 2с1;450 руб./час - пара;-3516,6532;9879,8329;;106895;теннисный корт;;нет;Понедельник с 7:30 до 22:30 Вторник с 7:30 до 22:30 Среда с 7:30 до 22:30 Четверг с 7:30 до 22:30 Пятница с 7:30 до 22:30 Суббота с 8:30 до 23:00 Воскресенье с 8:30 до 23:00;специальное;смешанное освещение;нет;нет;55.75588724332668;37.44186723494206;39814;гребные базы и каналы;Департамент физической культуры и спорта города Москвы;ЗАО;Крылатское;нет;да;да;да;да;нет;нет;да;1037739352903;"Казенное предприятие города Москвы ""Олимпийский учебно-спортивный центр ""Крылатское""";(499) 140-86-58;grebnoy-kanal.ru;info@grebnoy-kanal.ru;внесены изменения;
45;4678;4678;MSPORT58;ГБОУ ДОДСН «ДЮСШ № 7» Москомспорта;Чоботовская ул. 4к1;разовое посещение - 300 руб/час;-9067,3581;-2334,6811;;106948;теннисный корт;;нет;Понедельник с 7:30 до 21:00 Вторник с 7:30 до 21:00 Среда с 7:30 до 21:00 Четверг с 7:30 до 21:00 Пятница с 7:30 до 21:00 Суббота с 9:00 до 21:00 Воскресенье с до;искусственное;прожекторное освещение;нет;нет;55.646133277261576;37.35403557733506;39825;учреждения (центры) дополнительного образования;Департамент физической культуры и спорта города Москвы;ЗАО;Ново-Переделкино;нет;да;да;да;да;нет;нет;да;1037739323533;"Государственное бюджетное образовательное учреждение дополнительного образования детей спортивной направленности города Москвы ""Детско-юношеская спортивная школа № 7"" Департамента физической культуры и спорта города Москвы";(495) 733-22-77;s7-raduga.ru;s7@mossport.ru;внесены изменения;
54;4819;4819;MSPORT199;"Физкультурно-оздоровительный комплекс ""Яуза"" Государственное бюджетное учреждение города Москвы «Центр физической культуры и спорта Северо-Восточного административного округа города Москвы» Департамента физической культуры и спорта города Москвы";Олонецкий пр. 5;"Разовое посещение (в час) в будни с 7:00 до 17:00 час. 400 руб.; в будни с 17:00-23:00, вых. и праздничные дни 500 руб., абонемент из расчета 4 занятия в будни с 7:00 до 17:00 час. 1500 руб.; в будни с 17:00-23:00, вых. и праздничные дни 1800 руб.";10455,8883;23724,2495;;106846;теннисный корт;;да;Понедельник с 7:00 до 23:00 Вторник с 7:00 до 23:00 Среда с 7:00 до 23:00 Четверг с 7:00 до 23:00 Пятница с 7:00 до 23:00 Суббота с 7:00 до 23:00 Воскресенье с 7:00 до 23:00;искусственное;уличные столбы освещения;нет;"[В зимний период: 150 руб./день (взрослые), 75 руб./день (дети) - лыжи в комплексе с ботинками и палками; 150 руб./первый час (последующий - 100 руб./час) - конький; 50 руб./час - ледянка; 100 руб./час - минисани]; [Прокат в летний период: 100 руб./час - ";55.87949853334462;37.66568266316787;39805;физкультурно-оздоровительные комплексы;Департамент физической культуры и спорта города Москвы;СВАО;Бабушкинский;нет;да;да;да;да;нет;нет;да;1057746531655;"Государственное бюджетное учреждение города Москвы ""Центр физической культуры и спорта Северо-Восточного административного округа города Москвы"" Департамента физической культуры и спорта города Москвы";(495) 619-94-18;svaosport.ru;sportsvao@mail.ru;внесены изменения;
55;4054;4054;DOGM__3462;Государственное бюджетное образовательное учреждение города Москвы средняя общеобразовательная школа № 11;Юго-Западный / Гагаринский / Ломоносовский просп. / Дом- 13;бесплатно;2590,8831;2361,7429;2101036;9289;теннисный корт;;нет;с 10:00 до 18:00;асфальтовое, бетонное;без освещения;нет;нет;;;9289;общеобразовательные учреждения;Департамент образования города Москвы;ЮЗАО;Гагаринский;нет;нет;нет;нет;нет;нет;нет;нет;1037739778273;ГБОУ СОШ №11;(495) 930-20-33;schuz11.mskobr.ru;mosschool11@mail.ru;;
56;3365;3365;DOGM__2773;Государственное бюджетное образовательное учреждение города Москвы средняя общеобразовательная школа № 26;Юго-Западный / Гагаринский / Университетский просп. / Дом- 3;бесплатно;3274,5417;3042,0691;2101142;9300;теннисный корт;;нет;с 9.00 до 21.00 (ограничение при осущетсвлении образовательного процесса);грунтовое;прожекторное освещение;да;нет;;;9300;общеобразовательные учреждения;Департамент образования города Москвы;ЮЗАО;Гагаринский;нет;нет;нет;нет;нет;нет;нет;нет;1037739031747;ГБОУ СОШ № 26;(495) 930-50-70;the26.ru;mosschool26@gmail.com;;
